#TYPE System.Security.AccessControl.FileSystemAccessRule
".\Application Data","FileSystemRights","AccessControlType","IdentityReference","IsInherited","InheritanceFlags","PropagationFlags"
"\\srtif006.in623.corpintra.net\ITI_GS\ITI\02-Operations\03-Datacenter\01-Servers\01-Windows\2019\00-AD Conformity","Modify, Synchronize","Allow","APAC\AGSC_RDI_ITI-Wintel","True","ContainerInherit, ObjectInherit","None"
"\\srtif006.in623.corpintra.net\ITI_GS\ITI\02-Operations\03-Datacenter\01-Servers\01-Windows\2019\00-AD Conformity","FullControl","Allow","APAC\AGSC_RDI_Dadm","True","ContainerInherit, ObjectInherit","None"
"\\srtif006.in623.corpintra.net\ITI_GS\ITI\02-Operations\03-Datacenter\01-Servers\01-Windows\2019\01-Scripts","Modify, Synchronize","Allow","APAC\AGSC_RDI_ITI-Wintel","True","ContainerInherit, ObjectInherit","None"
"\\srtif006.in623.corpintra.net\ITI_GS\ITI\02-Operations\03-Datacenter\01-Servers\01-Windows\2019\01-Scripts","FullControl","Allow","APAC\AGSC_RDI_Dadm","True","ContainerInherit, ObjectInherit","None"
"\\srtif006.in623.corpintra.net\ITI_GS\ITI\02-Operations\03-Datacenter\01-Servers\01-Windows\2019\SCCM Setup","Modify, Synchronize","Allow","APAC\AGSC_RDI_ITI-Wintel","True","ContainerInherit, ObjectInherit","None"
"\\srtif006.in623.corpintra.net\ITI_GS\ITI\02-Operations\03-Datacenter\01-Servers\01-Windows\2019\SCCM Setup","FullControl","Allow","APAC\AGSC_RDI_Dadm","True","ContainerInherit, ObjectInherit","None"
"\\srtif006.in623.corpintra.net\ITI_GS\ITI\02-Operations\03-Datacenter\01-Servers\01-Windows\2019\2008 Upgrade","Modify, Synchronize","Allow","APAC\AGSC_RDI_ITI-Wintel","True","ContainerInherit, ObjectInherit","None"
"\\srtif006.in623.corpintra.net\ITI_GS\ITI\02-Operations\03-Datacenter\01-Servers\01-Windows\2019\2008 Upgrade","FullControl","Allow","APAC\AGSC_RDI_Dadm","True","ContainerInherit, ObjectInherit","None"
"\\srtif006.in623.corpintra.net\ITI_GS\ITI\02-Operations\03-Datacenter\01-Servers\01-Windows\2019\SCCM POC pst","Modify, Synchronize","Allow","APAC\AGSC_RDI_ITI-Wintel","True","ContainerInherit, ObjectInherit","None"
"\\srtif006.in623.corpintra.net\ITI_GS\ITI\02-Operations\03-Datacenter\01-Servers\01-Windows\2019\SCCM POC pst","FullControl","Allow","APAC\AGSC_RDI_Dadm","True","ContainerInherit, ObjectInherit","None"
"\\srtif006.in623.corpintra.net\ITI_GS\ITI\02-Operations\03-Datacenter\01-Servers\01-Windows\2019\SCCM","Modify, Synchronize","Allow","APAC\AGSC_RDI_ITI-Wintel","True","ContainerInherit, ObjectInherit","None"
"\\srtif006.in623.corpintra.net\ITI_GS\ITI\02-Operations\03-Datacenter\01-Servers\01-Windows\2019\SCCM","FullControl","Allow","APAC\AGSC_RDI_Dadm","True","ContainerInherit, ObjectInherit","None"
"\\srtif006.in623.corpintra.net\ITI_GS\ITI\02-Operations\03-Datacenter\01-Servers\01-Windows\2019\Net Support Gateway Policy file","Modify, Synchronize","Allow","APAC\AGSC_RDI_ITI-Wintel","True","ContainerInherit, ObjectInherit","None"
"\\srtif006.in623.corpintra.net\ITI_GS\ITI\02-Operations\03-Datacenter\01-Servers\01-Windows\2019\Net Support Gateway Policy file","FullControl","Allow","APAC\AGSC_RDI_Dadm","True","ContainerInherit, ObjectInherit","None"
"\\srtif006.in623.corpintra.net\ITI_GS\ITI\02-Operations\03-Datacenter\01-Servers\01-Windows\2019\00-AD Conformity\22-Aug-2019","Modify, Synchronize","Allow","APAC\AGSC_RDI_ITI-Wintel","True","ContainerInherit, ObjectInherit","None"
"\\srtif006.in623.corpintra.net\ITI_GS\ITI\02-Operations\03-Datacenter\01-Servers\01-Windows\2019\00-AD Conformity\22-Aug-2019","FullControl","Allow","APAC\AGSC_RDI_Dadm","True","ContainerInherit, ObjectInherit","None"
"\\srtif006.in623.corpintra.net\ITI_GS\ITI\02-Operations\03-Datacenter\01-Servers\01-Windows\2019\00-AD Conformity\19-Aug-2019","Modify, Synchronize","Allow","APAC\AGSC_RDI_ITI-Wintel","True","ContainerInherit, ObjectInherit","None"
"\\srtif006.in623.corpintra.net\ITI_GS\ITI\02-Operations\03-Datacenter\01-Servers\01-Windows\2019\00-AD Conformity\19-Aug-2019","FullControl","Allow","APAC\AGSC_RDI_Dadm","True","ContainerInherit, ObjectInherit","None"
"\\srtif006.in623.corpintra.net\ITI_GS\ITI\02-Operations\03-Datacenter\01-Servers\01-Windows\2019\00-AD Conformity\25-July-2019","Modify, Synchronize","Allow","APAC\AGSC_RDI_ITI-Wintel","True","ContainerInherit, ObjectInherit","None"
"\\srtif006.in623.corpintra.net\ITI_GS\ITI\02-Operations\03-Datacenter\01-Servers\01-Windows\2019\00-AD Conformity\25-July-2019","FullControl","Allow","APAC\AGSC_RDI_Dadm","True","ContainerInherit, ObjectInherit","None"
"\\srtif006.in623.corpintra.net\ITI_GS\ITI\02-Operations\03-Datacenter\01-Servers\01-Windows\2019\01-Scripts\Bluekeep Remote Installation","Modify, Synchronize","Allow","APAC\AGSC_RDI_ITI-Wintel","True","ContainerInherit, ObjectInherit","None"
"\\srtif006.in623.corpintra.net\ITI_GS\ITI\02-Operations\03-Datacenter\01-Servers\01-Windows\2019\01-Scripts\Bluekeep Remote Installation","FullControl","Allow","APAC\AGSC_RDI_Dadm","True","ContainerInherit, ObjectInherit","None"
"\\srtif006.in623.corpintra.net\ITI_GS\ITI\02-Operations\03-Datacenter\01-Servers\01-Windows\2019\01-Scripts\RCE - 2016","Modify, Synchronize","Allow","APAC\AGSC_RDI_ITI-Wintel","True","ContainerInherit, ObjectInherit","None"
"\\srtif006.in623.corpintra.net\ITI_GS\ITI\02-Operations\03-Datacenter\01-Servers\01-Windows\2019\01-Scripts\RCE - 2016","FullControl","Allow","APAC\AGSC_RDI_Dadm","True","ContainerInherit, ObjectInherit","None"
"\\srtif006.in623.corpintra.net\ITI_GS\ITI\02-Operations\03-Datacenter\01-Servers\01-Windows\2019\01-Scripts\Nagios Configuration Update","Modify, Synchronize","Allow","APAC\AGSC_RDI_ITI-Wintel","True","ContainerInherit, ObjectInherit","None"
"\\srtif006.in623.corpintra.net\ITI_GS\ITI\02-Operations\03-Datacenter\01-Servers\01-Windows\2019\01-Scripts\Nagios Configuration Update","FullControl","Allow","APAC\AGSC_RDI_Dadm","True","ContainerInherit, ObjectInherit","None"
"\\srtif006.in623.corpintra.net\ITI_GS\ITI\02-Operations\03-Datacenter\01-Servers\01-Windows\2019\01-Scripts\Utilities","Modify, Synchronize","Allow","APAC\AGSC_RDI_ITI-Wintel","True","ContainerInherit, ObjectInherit","None"
"\\srtif006.in623.corpintra.net\ITI_GS\ITI\02-Operations\03-Datacenter\01-Servers\01-Windows\2019\01-Scripts\Utilities","FullControl","Allow","APAC\AGSC_RDI_Dadm","True","ContainerInherit, ObjectInherit","None"
"\\srtif006.in623.corpintra.net\ITI_GS\ITI\02-Operations\03-Datacenter\01-Servers\01-Windows\2019\01-Scripts\Server Role Installation","Modify, Synchronize","Allow","APAC\AGSC_RDI_ITI-Wintel","True","ContainerInherit, ObjectInherit","None"
"\\srtif006.in623.corpintra.net\ITI_GS\ITI\02-Operations\03-Datacenter\01-Servers\01-Windows\2019\01-Scripts\Server Role Installation","FullControl","Allow","APAC\AGSC_RDI_Dadm","True","ContainerInherit, ObjectInherit","None"
"\\srtif006.in623.corpintra.net\ITI_GS\ITI\02-Operations\03-Datacenter\01-Servers\01-Windows\2019\01-Scripts\Scripts_Diganta","Modify, Synchronize","Allow","APAC\AGSC_RDI_ITI-Wintel","True","ContainerInherit, ObjectInherit","None"
"\\srtif006.in623.corpintra.net\ITI_GS\ITI\02-Operations\03-Datacenter\01-Servers\01-Windows\2019\01-Scripts\Scripts_Diganta","FullControl","Allow","APAC\AGSC_RDI_Dadm","True","ContainerInherit, ObjectInherit","None"
"\\srtif006.in623.corpintra.net\ITI_GS\ITI\02-Operations\03-Datacenter\01-Servers\01-Windows\2019\01-Scripts\Bluekeep Remote Installation\update","Modify, Synchronize","Allow","APAC\AGSC_RDI_ITI-Wintel","True","ContainerInherit, ObjectInherit","None"
"\\srtif006.in623.corpintra.net\ITI_GS\ITI\02-Operations\03-Datacenter\01-Servers\01-Windows\2019\01-Scripts\Bluekeep Remote Installation\update","FullControl","Allow","APAC\AGSC_RDI_Dadm","True","ContainerInherit, ObjectInherit","None"
"\\srtif006.in623.corpintra.net\ITI_GS\ITI\02-Operations\03-Datacenter\01-Servers\01-Windows\2019\01-Scripts\Utilities\Script","Modify, Synchronize","Allow","APAC\AGSC_RDI_ITI-Wintel","True","ContainerInherit, ObjectInherit","None"
"\\srtif006.in623.corpintra.net\ITI_GS\ITI\02-Operations\03-Datacenter\01-Servers\01-Windows\2019\01-Scripts\Utilities\Script","FullControl","Allow","APAC\AGSC_RDI_Dadm","True","ContainerInherit, ObjectInherit","None"
"\\srtif006.in623.corpintra.net\ITI_GS\ITI\02-Operations\03-Datacenter\01-Servers\01-Windows\2019\01-Scripts\Utilities\Scripts","Modify, Synchronize","Allow","APAC\AGSC_RDI_ITI-Wintel","True","ContainerInherit, ObjectInherit","None"
"\\srtif006.in623.corpintra.net\ITI_GS\ITI\02-Operations\03-Datacenter\01-Servers\01-Windows\2019\01-Scripts\Utilities\Scripts","FullControl","Allow","APAC\AGSC_RDI_Dadm","True","ContainerInherit, ObjectInherit","None"
"\\srtif006.in623.corpintra.net\ITI_GS\ITI\02-Operations\03-Datacenter\01-Servers\01-Windows\2019\01-Scripts\Utilities\Scripts\Test4","Modify, Synchronize","Allow","APAC\AGSC_RDI_ITI-Wintel","True","ContainerInherit, ObjectInherit","None"
"\\srtif006.in623.corpintra.net\ITI_GS\ITI\02-Operations\03-Datacenter\01-Servers\01-Windows\2019\01-Scripts\Utilities\Scripts\Test4","FullControl","Allow","APAC\AGSC_RDI_Dadm","True","ContainerInherit, ObjectInherit","None"
"\\srtif006.in623.corpintra.net\ITI_GS\ITI\02-Operations\03-Datacenter\01-Servers\01-Windows\2019\01-Scripts\Scripts_Diganta\bluekeep","Modify, Synchronize","Allow","APAC\AGSC_RDI_ITI-Wintel","True","ContainerInherit, ObjectInherit","None"
"\\srtif006.in623.corpintra.net\ITI_GS\ITI\02-Operations\03-Datacenter\01-Servers\01-Windows\2019\01-Scripts\Scripts_Diganta\bluekeep","FullControl","Allow","APAC\AGSC_RDI_Dadm","True","ContainerInherit, ObjectInherit","None"
"\\srtif006.in623.corpintra.net\ITI_GS\ITI\02-Operations\03-Datacenter\01-Servers\01-Windows\2019\01-Scripts\Scripts_Diganta\eventId","Modify, Synchronize","Allow","APAC\AGSC_RDI_ITI-Wintel","True","ContainerInherit, ObjectInherit","None"
"\\srtif006.in623.corpintra.net\ITI_GS\ITI\02-Operations\03-Datacenter\01-Servers\01-Windows\2019\01-Scripts\Scripts_Diganta\eventId","FullControl","Allow","APAC\AGSC_RDI_Dadm","True","ContainerInherit, ObjectInherit","None"
"\\srtif006.in623.corpintra.net\ITI_GS\ITI\02-Operations\03-Datacenter\01-Servers\01-Windows\2019\01-Scripts\Scripts_Diganta\ipaddress","Modify, Synchronize","Allow","APAC\AGSC_RDI_ITI-Wintel","True","ContainerInherit, ObjectInherit","None"
"\\srtif006.in623.corpintra.net\ITI_GS\ITI\02-Operations\03-Datacenter\01-Servers\01-Windows\2019\01-Scripts\Scripts_Diganta\ipaddress","FullControl","Allow","APAC\AGSC_RDI_Dadm","True","ContainerInherit, ObjectInherit","None"
"\\srtif006.in623.corpintra.net\ITI_GS\ITI\02-Operations\03-Datacenter\01-Servers\01-Windows\2019\01-Scripts\Scripts_Diganta\Logon Details","Modify, Synchronize","Allow","APAC\AGSC_RDI_ITI-Wintel","True","ContainerInherit, ObjectInherit","None"
"\\srtif006.in623.corpintra.net\ITI_GS\ITI\02-Operations\03-Datacenter\01-Servers\01-Windows\2019\01-Scripts\Scripts_Diganta\Logon Details","FullControl","Allow","APAC\AGSC_RDI_Dadm","True","ContainerInherit, ObjectInherit","None"
"\\srtif006.in623.corpintra.net\ITI_GS\ITI\02-Operations\03-Datacenter\01-Servers\01-Windows\2019\01-Scripts\Scripts_Diganta\Nagios","Modify, Synchronize","Allow","APAC\AGSC_RDI_ITI-Wintel","True","ContainerInherit, ObjectInherit","None"
"\\srtif006.in623.corpintra.net\ITI_GS\ITI\02-Operations\03-Datacenter\01-Servers\01-Windows\2019\01-Scripts\Scripts_Diganta\Nagios","FullControl","Allow","APAC\AGSC_RDI_Dadm","True","ContainerInherit, ObjectInherit","None"
"\\srtif006.in623.corpintra.net\ITI_GS\ITI\02-Operations\03-Datacenter\01-Servers\01-Windows\2019\01-Scripts\Scripts_Diganta\OS Details","Modify, Synchronize","Allow","APAC\AGSC_RDI_ITI-Wintel","True","ContainerInherit, ObjectInherit","None"
"\\srtif006.in623.corpintra.net\ITI_GS\ITI\02-Operations\03-Datacenter\01-Servers\01-Windows\2019\01-Scripts\Scripts_Diganta\OS Details","FullControl","Allow","APAC\AGSC_RDI_Dadm","True","ContainerInherit, ObjectInherit","None"
"\\srtif006.in623.corpintra.net\ITI_GS\ITI\02-Operations\03-Datacenter\01-Servers\01-Windows\2019\01-Scripts\Scripts_Diganta\RCE - 2016","Modify, Synchronize","Allow","APAC\AGSC_RDI_ITI-Wintel","True","ContainerInherit, ObjectInherit","None"
"\\srtif006.in623.corpintra.net\ITI_GS\ITI\02-Operations\03-Datacenter\01-Servers\01-Windows\2019\01-Scripts\Scripts_Diganta\RCE - 2016","FullControl","Allow","APAC\AGSC_RDI_Dadm","True","ContainerInherit, ObjectInherit","None"
"\\srtif006.in623.corpintra.net\ITI_GS\ITI\02-Operations\03-Datacenter\01-Servers\01-Windows\2019\01-Scripts\Scripts_Diganta\rdg","Modify, Synchronize","Allow","APAC\AGSC_RDI_ITI-Wintel","True","ContainerInherit, ObjectInherit","None"
"\\srtif006.in623.corpintra.net\ITI_GS\ITI\02-Operations\03-Datacenter\01-Servers\01-Windows\2019\01-Scripts\Scripts_Diganta\rdg","FullControl","Allow","APAC\AGSC_RDI_Dadm","True","ContainerInherit, ObjectInherit","None"
"\\srtif006.in623.corpintra.net\ITI_GS\ITI\02-Operations\03-Datacenter\01-Servers\01-Windows\2019\01-Scripts\Scripts_Diganta\SCCM","Modify, Synchronize","Allow","APAC\AGSC_RDI_ITI-Wintel","True","ContainerInherit, ObjectInherit","None"
"\\srtif006.in623.corpintra.net\ITI_GS\ITI\02-Operations\03-Datacenter\01-Servers\01-Windows\2019\01-Scripts\Scripts_Diganta\SCCM","FullControl","Allow","APAC\AGSC_RDI_Dadm","True","ContainerInherit, ObjectInherit","None"
"\\srtif006.in623.corpintra.net\ITI_GS\ITI\02-Operations\03-Datacenter\01-Servers\01-Windows\2019\01-Scripts\Scripts_Diganta\Scripts_Diganta","Modify, Synchronize","Allow","APAC\AGSC_RDI_ITI-Wintel","True","ContainerInherit, ObjectInherit","None"
"\\srtif006.in623.corpintra.net\ITI_GS\ITI\02-Operations\03-Datacenter\01-Servers\01-Windows\2019\01-Scripts\Scripts_Diganta\Scripts_Diganta","FullControl","Allow","APAC\AGSC_RDI_Dadm","True","ContainerInherit, ObjectInherit","None"
"\\srtif006.in623.corpintra.net\ITI_GS\ITI\02-Operations\03-Datacenter\01-Servers\01-Windows\2019\01-Scripts\Scripts_Diganta\bluekeep\update","Modify, Synchronize","Allow","APAC\AGSC_RDI_ITI-Wintel","True","ContainerInherit, ObjectInherit","None"
"\\srtif006.in623.corpintra.net\ITI_GS\ITI\02-Operations\03-Datacenter\01-Servers\01-Windows\2019\01-Scripts\Scripts_Diganta\bluekeep\update","FullControl","Allow","APAC\AGSC_RDI_Dadm","True","ContainerInherit, ObjectInherit","None"
"\\srtif006.in623.corpintra.net\ITI_GS\ITI\02-Operations\03-Datacenter\01-Servers\01-Windows\2019\SCCM Setup\vm_inventory_files","Modify, Synchronize","Allow","APAC\AGSC_RDI_ITI-Wintel","True","ContainerInherit, ObjectInherit","None"
"\\srtif006.in623.corpintra.net\ITI_GS\ITI\02-Operations\03-Datacenter\01-Servers\01-Windows\2019\SCCM Setup\vm_inventory_files","FullControl","Allow","APAC\AGSC_RDI_Dadm","True","ContainerInherit, ObjectInherit","None"
"\\srtif006.in623.corpintra.net\ITI_GS\ITI\02-Operations\03-Datacenter\01-Servers\01-Windows\2019\2008 Upgrade\replied owners","Modify, Synchronize","Allow","APAC\AGSC_RDI_ITI-Wintel","True","ContainerInherit, ObjectInherit","None"
"\\srtif006.in623.corpintra.net\ITI_GS\ITI\02-Operations\03-Datacenter\01-Servers\01-Windows\2019\2008 Upgrade\replied owners","FullControl","Allow","APAC\AGSC_RDI_Dadm","True","ContainerInherit, ObjectInherit","None"
"\\srtif006.in623.corpintra.net\ITI_GS\ITI\02-Operations\03-Datacenter\01-Servers\01-Windows\2019\2008 Upgrade\vm_list_files","Modify, Synchronize","Allow","APAC\AGSC_RDI_ITI-Wintel","True","ContainerInherit, ObjectInherit","None"
"\\srtif006.in623.corpintra.net\ITI_GS\ITI\02-Operations\03-Datacenter\01-Servers\01-Windows\2019\2008 Upgrade\vm_list_files","FullControl","Allow","APAC\AGSC_RDI_Dadm","True","ContainerInherit, ObjectInherit","None"
